time,open,close,high,low,Volume
1632166500,4758422.109,4767000,4767000,4758422.109,0.01451194
1632166560,4766400.958,4772600,4773600,4766400.958,0.72300209
1632166620,4772900,4773300,4774700,4770500,0.24900242
1632166680,4772900,4772600,4772900,4772600,0.00748
1632166740,4767900,4768600,4768600,4767900,0.46051536
1632166800,4770236.123,4770700,4774800,4768800,0.29588474
1632166860,4767600,4769200,4769200,4767400,0.23799549
1632166920,4769800,4785000,4785000,4769800,0.12052842
1632166980,4785088.021,4793600,4800100,4785088.021,4.25114693
1632167040,4794900,4777867.558,4796000,4777758.157,0.25536347
1632167100,4787594.072,4787800,4788700,4783200,1.01202069
1632167160,4784600,4779100,4784600,4779000,0.3967232
1632167220,4779946.176,4778700,4782100,4778700,0.10593814
1632167280,4775200,4772300,4775200,4772300,0.01512469
1632167340,4773300,4773800,4773800,4773300,0.49791241
1632167460,4768300,4768400,4768400,4768300,0.05011094
1632167520,4772200,4783300,4783300,4772200,0.24440062
1632167580,4783400,4800300,4802000,4783400,0.26973094
1632167640,4797400,4797000,4800800,4797000,0.09908169
1632167700,4800837.983,4810500,4810500,4800837.983,0.62828941
1632167760,4797700,4803400,4803400,4797700,0.00883714
1632167820,4803500,4806636.229,4807500,4803500,0.14143595
1632167880,4807447.128,4806200,4808000,4804100,0.26736386
1632167940,4804700,4801384.988,4804700,4799900,0.56753769
1632168000,4799800,4800900,4800900,4794400,0.23567169
1632168060,4801000,4808400,4809500,4801000,0.05038719
1632168120,4803357.679,4803357.679,4803357.68,4803357.679,0.05318
1632168180,4803600,4803600,4803600,4803600,0.00006
1632168240,4803600,4807186.102,4807186.1,4803600,0.0855742
1632168300,4803300,4803300,4803300,4803300,0.00126304
1632168360,4805000,4805500,4806800,4805000,0.10065014
1632168480,4802300,4801700,4802300,4801700,0.055
1632168540,4801100,4801100,4801100,4801100,0.02789398
1632168600,4798200,4798200,4798200,4798200,0.050603
1632168660,4794800,4794870.041,4794870.04,4794800,0.14924898
1632168780,4796874.843,4793700,4797600,4793700,0.00663675
1632168900,4797100,4798800,4798800,4797100,0.0072
1632169020,4792100,4792100,4792100,4792100,0.0008
1632169080,4789000,4787300,4789000,4787300,0.0232
1632169200,4790600,4790600,4790600,4790600,0.005
1632169260,4787600,4786664.311,4787600,4786664.311,0.00153539
1632169320,4786600,4785100,4786600,4785100,0.0098
1632169380,4785023.731,4781300,4785023.73,4781300,0.0111
1632169560,4788000,4786400,4788000,4786400,0.00179776
1632169620,4784700,4782300,4784700,4782300,0.03999
1632169740,4782900,4775300,4782900,4775300,0.30458334
1632169860,4777900,4777900,4777900,4777900,0.10320527
1632170160,4784700,4784700,4784700,4784700,0.00126038
1632170220,4784400,4783600,4784400,4783600,0.32375806
1632170280,4788500,4789200,4789200,4788500,0.0032
1632170340,4780966.753,4780966.753,4780966.75,4780966.753,0.0002
1632170400,4778700,4766400,4778700,4765400,0.08080952
1632170460,4765300,4755700,4765300,4754094.501,0.57538931
1632170520,4754000,4752900,4756100,4752900,0.00365947
1632170580,4752800,4743200,4752800,4743200,0.06952893
1632170640,4751000,4751000,4751000,4751000,0.00166854
1632170700,4754000,4744600,4754000,4744600,0.05766475
1632170760,4744500,4740700,4744500,4739100,0.02748
1632170820,4746800,4738500,4746800,4738500,0.131
1632170880,4738400,4736300,4738400,4735400,0.02169275
1632170940,4740400,4731500,4740400,4731500,0.0594
1632171000,4733500,4736500,4736500,4733500,0.17310228
1632171060,4736400,4730700,4736400,4730700,0.03645294
1632171120,4730669.734,4736200,4736200,4729000,0.28625475
1632171240,4740900,4740900,4740900,4740900,0.005
1632171360,4736100,4736100,4736100,4736100,0.0002
1632171420,4745300,4749500,4749500,4745300,0.33562886
1632171480,4749100,4749100,4749100,4749100,0.005
1632171540,4761600,4763800,4763800,4761600,0.00266264
1632171600,4766658.966,4784584.252,4784584.25,4766658.966,0.34038892
1632171660,4784199.392,4774000,4784489.5,4774000,0.37243584
1632171720,4771200,4766300,4771200,4766300,0.23236231
1632171780,4762500,4754200,4762500,4751600,0.23836313
1632171840,4755200,4754800,4755200,4754800,0.01300702
1632171900,4769300,4760000,4770600,4760000,0.12253647
1632171960,4764700,4769300,4769300,4764700,0.0168
1632172020,4769300,4771700,4771700,4769300,0.04385
1632172080,4771800,4779900,4779900,4771800,0.08681084
1632172200,4779607.444,4785200,4785200,4779607.444,0.01438712
1632172260,4785300,4784500,4786000,4784500,0.0532
1632172320,4785877.576,4788612.051,4788612.05,4785877.576,0.0164506
1632172380,4784500,4784500,4784500,4784500,0.01
1632172500,4780200,4777100,4780200,4777100,0.24144352
1632172680,4778700,4785900,4785900,4778700,0.05356046
1632172740,4786000,4787700,4787700,4786000,0.0072
1632172800,4787800,4789800,4791800,4787800,0.93066415
1632172860,4790252.736,4787400,4790252.74,4787400,0.18674993
1632172920,4785600,4785600,4785600,4785600,0.03013
1632173040,4788494.949,4787500,4788494.95,4785200,0.35929161
1632173100,4786900,4784800,4786900,4784800,0.055
1632173160,4785400,4783900,4785400,4783900,0.05176128
1632173220,4786700,4787000,4787000,4786700,0.0016
1632173280,4787100,4787100,4787100,4787100,0.0004
1632173340,4787200,4788700,4788700,4787200,0.23499312
1632173460,4785100,4785344.861,4785729.83,4785100,0.02342551
1632173520,4784189.941,4784189.941,4784189.94,4784189.941,0.00562441
1632173580,4782070.601,4782070.601,4782070.6,4782070.601,0.45793187
1632173700,4780320.049,4780320.049,4780320.05,4780320.049,0.82778
1632173820,4783000,4783000,4783000,4783000,0.005
1632174180,4784500,4786100,4786100,4784500,0.0068
1632174240,4786200,4788100,4788100,4786200,0.008
1632174300,4788200,4798800,4798800,4788200,0.0428
1632174360,4798900,4795300,4801700,4795100,0.22276315
1632174420,4793300,4793300,4793300,4793300,0.0091
1632174480,4783700,4783800,4783800,4783700,0.09145
1632174540,4781000,4781000,4781000,4781000,0.044793
1632174720,4781500,4778200,4781500,4778200,0.00682
1632174780,4778100,4771500,4778100,4771500,0.0134
1632174960,4771400,4765100,4771400,4765100,0.0128
1632175020,4765000,4762300,4765000,4762300,0.0056
1632175080,4762200,4759500,4762200,4759500,0.0060839
1632175200,4766400,4766400,4766400,4766400,0.00127376
1632175260,4772600,4772600,4772600,4772600,0.00124217
1632175320,4767300,4766100,4767300,4766100,0.00100197
1632175380,4766000,4765500,4766000,4765500,0.001
1632175440,4773900,4774100,4774100,4773900,0.00507195
1632175500,4769000,4764900,4769000,4764900,0.108
1632175560,4764800,4764300,4764800,4764300,0.0012
1632175620,4773451.043,4773451.043,4773451.04,4773451.043,0.00117575
1632175680,4777000,4780100,4780100,4777000,0.017
1632175740,4780200,4784800,4784800,4780200,0.0188
1632175800,4784900,4785100,4785800,4784900,0.00736375
1632175860,4785900,4787847.131,4787847.13,4785900,0.0097
1632176040,4785550.377,4786300,4787700,4785550.377,0.02467222
1632176160,4786710.234,4789300,4789300,4786710.234,0.24081241
1632176220,4788941.096,4794600,4794600,4788941.096,0.04309134
1632176280,4794700,4794400,4794700,4794400,0.0504
1632176460,4794410.921,4790670.059,4797000,4790670.059,0.15047
1632176580,4794500,4797800,4797800,4794500,0.0197
1632176760,4796249.766,4797343.826,4797343.83,4796249.766,0.0082
1632176820,4796140.36,4796140.36,4796140.36,4796140.36,0.002246
1632177060,4793918.202,4793918.202,4793918.2,4793918.202,0.0004
1632177120,4794000,4794400,4794400,4794000,0.002
1632177240,4794465.353,4796300,4796300,4794465.353,0.0584
1632177300,4796400,4802800,4802800,4796400,0.04060054
1632177360,4800300,4799300,4800300,4799300,0.15121569
1632177420,4802891.478,4805700,4805700,4802891.478,0.04472065
1632177480,4804700,4804700,4804700,4804700,0.005
1632177540,4800000,4800000,4800000,4800000,0.01
1632177720,4800100,4800100,4800100,4800100,0.05
1632177960,4781237.378,4780903.416,4781237.38,4780903.416,0.00168
1632178020,4780600,4777823.02,4780600,4777823.02,0.26047893
1632178080,4774561.965,4774100.874,4774561.96,4774100.874,0.00084
1632178140,4774100,4761400,4774100,4761400,0.93673427
1632178200,4761300,4746400,4761300,4746400,0.04131156
1632178260,4748400,4741100,4748400,4741000,0.1819908
1632178320,4740900,4739200,4740900,4738500,0.52305899
1632178380,4740200,4733700,4743700,4733700,0.19659448
1632178440,4733636.511,4713700,4733636.51,4712300,1.32973352
1632178500,4718300,4733100,4735000,4716000,2.14706063
1632178560,4734500,4731600,4738300,4727100,0.32967837
1632178620,4728800,4734600,4734600,4726400,0.00960999
1632178680,4738600,4733300,4739200,4733300,0.00815957
1632178740,4734100,4744900,4744900,4734100,0.76420177
1632178800,4743200,4746300,4746300,4743200,0.00245564
1632178860,4744700,4742593.348,4744700,4739500,0.05258065
1632178920,4743578.083,4760800,4760800,4743578.083,0.49214164
1632178980,4757300,4772200,4773300,4756300,0.61197693
1632179040,4769000,4755700,4773400,4755700,0.33462799
1632179100,4751300,4726600,4751300,4726600,0.27860491
1632179160,4728500,4729900,4734300,4724400,0.60295953
1632179220,4735800,4741170.953,4741170.95,4735800,0.86461031
1632179280,4732417.753,4732417.753,4732417.75,4732417.753,0.46276326
1632179340,4730300,4717800,4733900,4716500,0.48891062
1632179400,4717900,4713700,4717900,4712100,0.97046511
1632179460,4712000,4709500,4712000,4709500,0.59589637
1632179520,4709300,4703600,4709300,4699898.743,0.02269516
1632179580,4705595.121,4703407.54,4709095.25,4703407.54,1.2854299
1632179640,4708200,4722100,4722100,4708200,1.26709086
1632179700,4737000,4719814.394,4737000,4719814.394,0.05262764
1632179760,4718900,4712900,4718900,4706400,0.52206385
1632179820,4717900,4716500,4719923.77,4716500,0.00325591
1632179880,4716300,4716400,4718400,4713800,0.02576015
1632179940,4715800,4713600,4718501.85,4713600,0.05929944
1632180000,4713500,4707500,4713500,4707500,0.06669
1632180060,4709900,4695300,4709900,4695300,0.0699373
1632180120,4696100,4704900,4704900,4694200,0.02481248
1632180180,4701150.865,4692200,4701711.23,4684700,0.8481257
1632180240,4686146.783,4683300,4686146.78,4683300,0.0054964
1632180300,4683500,4669200,4688600,4665500,1.14867904
1632180360,4673400,4680900,4681000,4669600,0.50749807
1632180420,4674100,4678000,4678000,4667589.347,0.57613699
1632180480,4679100,4674800,4685700,4670200,0.12624594
1632180540,4670104.742,4665300,4670104.74,4665300,0.01261786
1632180600,4671100,4659400,4672500,4659400,0.31424968
1632180660,4662807.099,4664225.282,4664900,4662807.099,1.00541382
1632180720,4664225.282,4656200,4664225.28,4656200,0.51252597
1632180780,4663400,4670200,4670200,4662700,0.08219489
1632180840,4670400,4677895.345,4677895.34,4670400,0.71857125
1632180900,4671300,4683700,4683700,4671300,0.65025524
1632180960,4677600,4687200,4687200,4677600,0.62733227
1632181020,4679163.897,4676200,4679163.9,4676200,0.0593
1632181080,4682900,4679500,4682900,4679500,0.04134088
1632181140,4683300,4662600,4683300,4662600,0.20643379
1632181200,4664000,4670896.273,4670896.27,4663000,0.30062259
1632181260,4676900,4676900,4676900,4676900,0.05
1632181320,4680187.335,4672300,4681700,4672300,0.49847024
1632181380,4679800,4672900,4679800,4672900,0.14917923
1632181440,4672800,4667719.668,4672800,4667719.668,0.09990098
1632181500,4669141.42,4667719.668,4669250.79,4667719.668,0.01590823
1632181560,4673200,4681700,4681700,4673200,0.26822367
1632181620,4681300,4681800,4683900,4681300,0.15184187
1632181680,4681827.818,4675400,4683500,4675400,0.52535938
1632181740,4677652.491,4692436.272,4694200,4677652.491,0.34394712
1632181800,4694300,4698200,4698200,4691400,0.27658177
1632181860,4693500,4698265.48,4701800,4693500,0.55882868
1632181920,4698400,4707100,4707100,4698265.48,0.71225606
1632181980,4705800,4702700,4705800,4702700,0.08967371
1632182040,4704070.346,4703500,4704070.35,4703500,0.08994304
1632182100,4703200,4704300,4705400,4703200,0.06500657
1632182160,4705800,4693900,4705800,4693900,0.2946938
1632182220,4696700,4692700,4697600,4692700,0.11
1632182280,4687100,4687100,4687100,4687100,0.005
1632182340,4695821.233,4708300,4708300,4695821.233,0.06633206
1632182400,4707900,4708600,4708600,4707700,0.01007597
1632182460,4705702.04,4694600,4705702.04,4694600,1.80331469
1632182520,4698300,4697900,4701700,4695500,0.66535852
1632182580,4691100,4699100,4699100,4690300,0.23824836
1632182640,4699339.195,4686200,4699339.2,4686200,0.23036961
1632182700,4686100,4677900,4686100,4677900,0.02989052
1632182760,4677900,4673100,4677900,4673100,0.246363
1632182820,4673200,4668900,4673200,4668900,0.41222896
1632182880,4668843.42,4665600,4668843.42,4663300,0.76912997
1632182940,4663200,4657005.872,4663200,4657005.872,2.60921301
1632183000,4657100,4657005.872,4666900,4657005.872,0.76187648
1632183060,4657005.872,4635600,4657005.87,4633900,3.00562398
1632183120,4634200,4632700,4646600,4626400,2.02906429
1632183180,4630568.448,4598000,4631600,4598000,3.73911247
1632183240,4599300,4600200,4613900,4588500,3.06286383
1632183300,4609450.78,4629300,4629800,4604400,4.04207062
1632183360,4629200,4624700,4637800,4619200,1.2239841
1632183420,4629300,4625100,4635800,4625100,1.16545886
1632183480,4619100,4601500,4619300,4592400,1.33665636
1632183540,4598700,4527715.557,4598700,4519000,1.74545667
1632183600,4527824.975,4514475.983,4553100,4513710.057,3.99890918
1632183660,4514475.983,4464281.922,4514475.98,4461800,8.88555194
1632183720,4460900,4436994.236,4467785.12,4407000,7.78906292
1632183780,4437700,4422900.364,4486600,4416988.713,10.44218911
1632183840,4422790.889,4441900,4452700,4417864.513,9.97082906
1632183900,4440600,4440000,4444466.94,4420900,6.04118818
1632183960,4440000,4469098.823,4472200,4440000,8.21799328
1632184020,4468800,4485200,4487800,4464064.582,6.0764323
1632184080,4487900,4510774.883,4516720.46,4487900,4.81797341
1632184140,4503800,4493073.853,4506500,4489700,2.17418878
1632184200,4489500,4484800,4490600,4469865.148,2.6989731
1632184260,4487271.677,4500352.826,4500352.83,4482200,0.90951631
1632184320,4501400,4509900,4512900,4495600,1.58044806
1632184380,4514800,4504200,4515500,4502300,1.5612368
1632184440,4503300,4489000,4511700,4489000,1.40125696
1632184500,4488966.18,4557000,4559200,4481600,3.1613656
1632184560,4552400,4554600,4557600,4541100,3.05735079
1632184620,4555600,4582317.04,4585500,4551217.033,2.17838062
1632184680,4583500,4576500,4584800,4572000,0.37028366
1632184740,4577700,4576900,4582700,4576900,0.44720145
1632184800,4574749.31,4574694.485,4583900,4573380.642,1.09011464
1632184860,4575200,4585609.292,4587472.02,4571000,1.47263009
1632184920,4587500,4596300,4611700,4585700,2.16219859
1632184980,4596400,4588900,4599800,4588900,2.41280311
1632185040,4585609.292,4592800,4593400,4578400,0.78742692
1632185100,4596400,4592300,4597100,4581400,0.2451836
1632185160,4587900,4590400,4590400,4587900,0.05250614
1632185220,4588000,4583700,4591800,4582700,0.11588655
1632185280,4581800,4568900,4581800,4567000,0.68868704
1632185340,4571300,4582700,4586900,4567700,0.91711227
1632185400,4576600,4584900,4589900,4576600,0.82029294
1632185460,4578400,4574100,4580900,4574100,0.67983437
1632185520,4567400,4562800,4568261.48,4561500,1.34100483
1632185580,4562600,4563100,4565800,4561600,0.54397065
1632185640,4565742.117,4561000,4565742.12,4561000,0.70079477
1632185700,4566749.192,4580900,4580900,4566749.192,0.31400444
1632185760,4579800,4579200,4582391.82,4579200,1.01498805
1632185820,4569700,4571700,4571700,4569700,0.10129494
1632185880,4576900,4578338.929,4580400,4576900,0.50133805
1632185940,4566600,4561200,4566600,4560900,0.05162655
1632186000,4565700,4554700,4566000,4553400,0.04145433
1632186060,4556400,4569017.569,4570800,4556400,0.78085717
1632186120,4573200,4579755.824,4585000,4573200,0.56258767
1632186180,4577900,4581509.008,4581509.01,4577900,0.27964187
1632186240,4581600,4591800,4591800,4581600,0.42559388
1632186300,4590822.8,4590300,4599300,4590300,0.36311402
1632186360,4593562.15,4593452.576,4596411.07,4593452.576,0.48330867
1632186420,4592400,4588200,4592400,4588200,0.05248779
1632186540,4580300,4580300,4580300,4580300,0.005
1632186600,4578000,4576200,4578000,4576200,0.01212269
1632186660,4577500,4576666.677,4578500,4576666.677,1.00869594
1632186720,4575100,4571900,4575100,4571900,0.21754337
1632186780,4573000,4575300,4575300,4573000,0.10168527
1632186840,4572600,4564300,4572600,4564300,0.11869955
1632186900,4564500,4578654.125,4578654.13,4561300,0.05598717
1632186960,4580700,4589700,4589700,4580600,0.20046359
1632187020,4592800,4592400,4594900,4589400,0.0658
1632187080,4583700,4583700,4583700,4583700,0.05
1632187140,4580700,4579400,4580700,4579000,0.21136545
1632187200,4578900,4596600,4596600,4578900,0.29507574
1632187260,4596700,4598800,4600300,4596700,0.06494263
1632187320,4598219.314,4611600,4611600,4598219.314,0.80391119
1632187380,4611700,4605600,4612200,4600100,1.21717782
1632187440,4606300,4603300,4606300,4603300,0.05712502
1632187500,4596600,4594500,4596600,4594500,0.00244726
1632187560,4599070.541,4603800,4603800,4599070.541,0.02920809
1632187620,4603900,4617600,4619400,4603900,0.59851051
1632187680,4613000,4611148.28,4613000,4611148.28,0.2740452
1632187740,4614500,4629500,4629900,4614500,0.93633626
1632187800,4624200,4616626.655,4624500,4616626.655,0.25779586
1632187860,4614873.575,4633000,4633700,4614873.575,0.88159443
1632187920,4633700,4642900,4645600,4633700,0.07243855
1632187980,4640591.121,4641700,4654300,4640591.121,0.14882138
1632188040,4637200,4646900,4649200,4637200,0.51602489
1632188100,4647601.905,4647601.905,4647601.9,4647601.905,0.08293275
1632188160,4649135.514,4645400,4652200,4645400,0.01545062
1632188220,4644425.143,4650700,4650700,4644425.143,0.04027868
1632188280,4650800,4651500,4651500,4650800,0.0032
1632188340,4649800,4660100,4660100,4649800,0.60039448
1632188400,4657460.819,4670800,4670800,4657460.819,0.43061643
1632188460,4665300,4687600,4687600,4665300,0.8857869
1632188520,4681300,4689600,4689600,4671200,0.1139716
1632188580,4689600,4673600,4689600,4673600,0.02385615
1632188700,4674200,4674200,4674200,4674200,0.00406647
1632188760,4669200,4669200,4669200,4669200,0.00124
1632188820,4666700,4666700,4666700,4666700,0.01
1632188880,4660800,4659700,4660800,4659640.788,0.57534397
1632188940,4659500,4660900,4660900,4657600,0.16736438
1632189000,4662500,4660300,4665500,4660300,0.05617423
1632189060,4659400,4659400,4659400,4659400,0.001
1632189120,4655500,4656100,4662500,4655500,0.06578
1632189180,4655800,4655800,4655800,4655800,0.005
1632189240,4656400,4655600,4656400,4655600,0.051487
1632189300,4655800,4662595.061,4663000,4655800,0.5742148
1632189360,4663100,4669200,4669200,4663100,0.31174287
1632189420,4669300,4664700,4670100,4664700,0.0152167
1632189480,4667414.734,4677200,4677200,4667414.734,0.0946
1632189540,4677300,4685800,4689300,4677300,1.08151185
1632189600,4685598.044,4665000,4685598.04,4663900,1.13127801
1632189660,4660400,4681500,4681500,4660400,1.30902493
1632189720,4681589.794,4687041.601,4687549.36,4681589.794,0.57578816
1632189780,4673500,4684700,4684700,4673500,0.53768587
1632189840,4682200,4684100,4686800,4682200,0.35757952
1632189900,4684400,4679200,4689500,4678400,1.33905531
1632189960,4680200,4684592.466,4685631.2,4680200,0.16730152
1632190020,4679664.313,4681100,4681100,4676269.363,0.76889286
1632190080,4677000,4682800,4682800,4677000,0.24618287
1632190140,4682800,4684900,4684900,4682800,0.0608
1632190200,4683900,4685900,4685900,4683900,0.05200231
1632190260,4686000,4688483.501,4692600,4686000,0.61462089
1632190320,4690892.006,4693409.988,4693738.42,4690892.006,0.8929839
1632190380,4689578.276,4692600,4693700,4689578.276,0.26606698
1632190440,4693191.033,4695700,4695700,4693191.033,1.29669955
1632190500,4695800,4686000,4697200,4686000,0.76083407
1632190560,4681500,4679100,4682600,4679100,0.151
1632190620,4677600,4684500,4684500,4677600,0.09743903
1632190680,4684700,4685900,4685900,4682000,0.10673327
1632190740,4685900,4691110.961,4691110.96,4685900,1.40997792
1632190800,4691100,4689200,4691100,4689200,0.06143728
1632190860,4690500,4691596.47,4691596.47,4690500,0.11169928
1632190920,4691600,4686887.131,4692900,4686887.131,0.86854661
1632190980,4682000,4682100,4682100,4682000,0.081221
1632191040,4685800,4688300,4688300,4685200,0.01678571
1632191100,4688300,4682600,4690100,4682177.792,1.24894017
1632191160,4680147.946,4677500,4680147.95,4675300,0.09671332
1632191220,4680900,4680900,4680900,4679200,0.06834404
1632191280,4682600,4682600,4682600,4682600,0.02058022
1632191340,4682600,4678600,4682600,4678500,1.08585213
1632191400,4677600,4677600,4677600,4677600,0.005
1632191460,4676555.891,4671700,4676555.89,4671600,0.73810558
1632191520,4674100,4674100,4674100,4674100,0.00125003
1632191580,4674900,4674200,4674900,4674200,0.035
1632191640,4674500,4674500,4674500,4674500,0.00377096
1632191700,4677184.283,4677293.822,4677293.82,4677184.283,0.49453337
1632191760,4680100,4676700,4680100,4676700,0.47019661
1632191820,4676600,4672400,4676600,4672400,0.00936855
1632191880,4672700,4679500,4679500,4672700,0.075
1632192060,4681878.317,4683300,4683300,4681878.317,0.0068
1632192120,4683400,4684700,4684700,4683400,0.0072
1632192180,4684800,4688000,4688000,4684800,0.0134
1632192300,4684400,4688100,4688100,4684400,0.09154048
1632192360,4688200,4693973.63,4693973.63,4688200,0.02947536
1632192420,4693973.63,4696400,4696400,4693800,0.15515862
1632192480,4696500,4705400,4705400,4696500,0.42106496
1632192540,4705500,4703000,4707600,4703000,0.01257465
1632192600,4702584.202,4707900,4709400,4702584.202,0.28209481
1632192660,4709486.073,4711700,4711700,4709100,0.3363975
1632192720,4711800,4721800,4723800,4711800,0.5351576
1632192780,4719800,4716900,4720200,4716207.822,0.02872721
1632192840,4715400,4711400,4715500,4711400,0.35814513
1632192900,4711400,4711400,4711400,4711400,0.03
1632192960,4712100,4710100,4712100,4710000,0.00753861
1632193020,4704900,4704900,4704900,4704900,0.00125736
1632193080,4706600,4706600,4706600,4706600,0.01227219
1632193140,4706200,4706400,4706400,4706200,0.01
1632193200,4703300,4699200,4703300,4698100,0.07007792
1632193260,4696900,4696348.304,4696900,4696348.304,0.05128384
1632193320,4695100,4695100,4695100,4695100,0.00441844
1632193560,4697200,4694000,4697200,4694000,0.00289462
1632193740,4701499.011,4704000,4704100,4701499.011,0.04638
1632193800,4704000,4704000,4704000,4704000,0.03079
1632193860,4700500,4701100,4701500,4700500,0.13004423
1632193920,4700900,4697400,4700900,4697400,0.06
1632193980,4701500,4707400,4707400,4701500,0.13558
1632194040,4707400,4707400,4707400,4707400,0.00007591
1632194100,4706700,4706800,4706800,4706700,0.05031233
1632194160,4702800,4702800,4702800,4702800,0.00129012
1632194220,4700400,4694642.777,4700400,4694642.777,0.5535502
1632194340,4694600,4687700,4694600,4687100,0.67123378
1632194460,4691000,4688600,4691000,4688600,0.00145248
1632194520,4691200,4688600,4691200,4688600,0.22054528
1632194580,4690255.972,4690900,4690900,4690255.972,0.57725536
1632194640,4690900,4691300,4691300,4690900,0.24902721
1632194700,4691500,4699375.219,4699375.22,4691500,0.34035518
1632194760,4701770.645,4701770.645,4701770.64,4701770.645,0.0004
1632194820,4703000,4703000,4703000,4703000,0.00006005
1632194940,4700800,4700800,4700800,4700800,0.00632
1632195000,4693400,4693400,4693400,4693400,0.08
1632195060,4691242.08,4687300,4691242.08,4684400,0.57833781
1632195180,4684300,4680900,4684300,4680900,0.00802
1632195240,4681530.076,4675700,4681530.08,4675700,0.53070415
1632195300,4682500,4682500,4682500,4682500,0.02063485
1632195360,4681800,4677000,4681800,4677000,0.0121574
1632195420,4677000,4679300,4679300,4675000,0.05665883
1632195600,4679800,4679800,4679800,4679800,0.000266
1632195660,4685700,4683700,4685700,4682900,0.08415215
1632195720,4685300,4685300,4685300,4685300,0.055
1632195780,4685300,4686677.785,4686677.78,4685300,0.02416862
1632195900,4685143.756,4683606.083,4685143.76,4683606.083,0.93822496
1632195960,4683600,4677900,4683600,4677900,0.25027295
1632196080,4682300,4682300,4682300,4682300,0.01
1632196140,4685400,4678700,4685400,4678700,0.0546
1632196200,4678600,4672800,4678600,4672800,0.06390726
1632196260,4672800,4678000,4678000,4672800,0.28195802
1632196380,4678900,4678900,4678900,4678900,0.06052674
1632196440,4678303.066,4669300,4678400,4669300,0.53798861
1632196500,4670200,4670200,4670200,4670200,0.005
1632196560,4678303.066,4679700,4679700,4678303.066,0.98598624
1632196620,4682100,4682100,4682100,4682100,0.05
1632196680,4686900,4688700,4688700,4686900,0.03316859
1632196740,4679300,4679300,4679300,4679300,0.03829
1632196800,4676000.906,4674000,4676000.91,4672700,0.47682537
1632196860,4683900,4684700,4684700,4683900,0.29901013
1632196920,4686500,4688200,4688200,4686500,0.05007872
1632196980,4688800,4690600,4690600,4688800,0.0072
1632197040,4690700,4691700,4692400,4690700,0.30718608
1632197100,4692463.29,4694700,4694700,4692463.29,0.0134
1632197160,4694778.397,4691900,4700700,4691900,0.5927051
1632197220,4693200,4685746.884,4693300,4685746.884,0.33610718
1632197280,4684500,4675700,4684500,4675700,0.30061664
1632197340,4676648.134,4666700,4676648.13,4666700,0.38251139
1632197400,4666800,4665600,4666800,4665600,0.05261
1632197460,4668500,4655200,4668500,4655200,1.07351929
1632197520,4655100,4652000,4655100,4652000,0.71506799
1632197580,4658800,4658894.338,4658894.34,4658800,0.03178338
1632197640,4661300,4663388.061,4663388.06,4661200,1.01183402
1632197700,4667100,4667100,4667100,4667100,0.05
1632197760,4667100,4667100,4667100,4667100,0.119
1632197820,4670000,4670000,4670000,4670000,0.00007336
1632197880,4669900,4669900,4669900,4669900,0.00885913
1632197940,4666900,4663300,4669400,4663300,0.01028061
1632198000,4663200,4658900,4663200,4658900,0.00942
1632198060,4658800,4657900,4658800,4657900,0.05264
1632198120,4658900,4656800,4658900,4656800,0.47845577
1632198180,4656700,4651500,4656700,4651500,0.01185954
1632198300,4652400,4647200,4652400,4644600,0.06980207
1632198360,4644600,4644400,4644600,4644400,0.00055898
1632198480,4644300,4641000,4644300,4641000,0.01829578
1632198540,4642600,4642400,4642600,4642400,0.03795646
1632198600,4643100,4654500,4654500,4643100,0.39884385
1632198840,4651000,4650900,4651000,4650900,0.0004
1632198900,4653000,4653000,4653000,4653000,0.03
1632198960,4657300,4657300,4657300,4657300,0.00015545
1632199080,4654400,4652400,4654400,4652400,0.00342477
1632199140,4652300,4643800,4652300,4643800,0.0198795
1632199200,4643700,4643400,4643700,4643400,0.0008
1632199320,4647200,4643600,4647200,4643600,0.0068
1632199380,4643500,4643700,4645869.41,4642600,0.10823
1632199440,4643600,4639500,4643600,4639500,0.01364044
1632199500,4639400,4638400,4639400,4638400,0.04743
1632199560,4639700,4639700,4639700,4639700,0.03364
1632199620,4644300,4644300,4644300,4644300,0.23608362
1632199680,4644900,4644900,4644900,4644900,0.01704553
1632199740,4647300,4648900,4648900,4647300,0.23597708
1632199800,4645600,4646100,4646100,4645600,0.23631327
1632199860,4652400,4655800,4655800,4652400,0.23938054
1632199920,4657600,4658700,4658700,4657600,0.0032675
1632200040,4654500,4654500,4654500,4654500,0.00027509
1632200220,4652700,4652649.551,4652700,4652649.551,0.00126497
1632200400,4653700,4654700,4654700,4653700,0.0152
1632200460,4654900,4662900,4662900,4654900,0.13060316
1632200520,4663000,4664900,4664900,4663000,0.00922808
1632200580,4658500,4658047.937,4658500,4658047.937,0.09594
1632200640,4657000,4654100,4657000,4654100,0.40251263
1632200700,4652100,4644700,4652100,4644700,0.28687552
1632200760,4644600,4642900,4644600,4642900,0.0298785
1632200820,4646432.403,4646432.403,4646432.4,4646432.403,0.47212206
1632200940,4643912.052,4643200,4643912.05,4643200,0.07211797
1632201000,4646500,4647800,4648200,4646500,0.05405
1632201120,4648000,4646300,4648000,4646300,0.3435264
1632201180,4644300,4640800,4644300,4640800,0.06182456
1632201240,4641300,4644700,4644700,4641300,0.48248815
1632201300,4643152.406,4645100,4645100,4643152.406,0.03620394
1632201360,4644900,4644900,4644900,4644900,0.00176943
1632201420,4643809.86,4640400,4643809.86,4640400,0.50323857
1632201480,4640300,4629893.771,4640300,4629800,0.02655845
1632201540,4629700,4626934.117,4629700,4626934.117,0.00668
1632201600,4626900,4627100,4627100,4624400,0.32411736
1632201660,4630161.285,4630161.285,4630161.28,4630161.285,0.03709
1632201720,4626000,4624300,4626000,4624300,0.00389356
1632201780,4624200,4623000,4624200,4622800,0.053
1632201840,4623600,4627700,4635400,4623600,1.14200278
1632201900,4627500,4626200,4627500,4626200,0.0026
1632201960,4634100,4634100,4634100,4634100,0.00120976
1632202020,4636000,4637900,4637900,4636000,0.10122137
1632202080,4639100,4645100,4645100,4639100,0.0973059
1632202140,4645200,4647400,4648400,4645200,0.25232847
1632202200,4647800,4655200,4655200,4646000,0.42554148
1632202260,4651300,4650400,4651300,4650027.209,0.00109759
1632202320,4646300,4646300,4646300,4646300,0.000276
1632202500,4649800,4650900,4650900,4648712.621,0.0048051
1632202620,4651000,4655500,4655500,4651000,0.31007255
1632202680,4655600,4657200,4657200,4655600,0.24387516
1632202740,4657300,4657400,4657400,4657300,0.00046982
1632202860,4655134.073,4655134.073,4655134.07,4655134.073,1.24248615
1632202920,4655200,4655200,4655200,4655200,0.05
1632202980,4655900,4655900,4655900,4655900,0.04208
1632203040,4655200,4655300,4655300,4655200,0.41655347
1632203100,4657400,4657600,4658400,4657400,0.00678996
1632203220,4655134.073,4655134.073,4655134.07,4655134.073,0.9424543
1632203280,4655200,4655200,4655200,4655200,0.0129
1632203340,4655134.073,4649200,4655134.07,4647200,3.71644667
1632203400,4649300,4648200,4649300,4648200,0.06383555
1632203460,4649500,4660035.64,4660035.64,4649500,0.11537429
1632203520,4658900,4660000,4660000,4658900,0.02628282
1632203580,4660100,4675000,4675900,4660100,0.30779187
1632203640,4676000,4679800,4684400,4669455.607,0.85356541
1632203700,4680800,4681600,4681600,4680800,0.46973032
1632203820,4671600,4672400,4672400,4670700,0.05566
1632203880,4671400,4666800,4671400,4666800,0.00621561
1632204000,4667100,4668000,4671000,4667100,0.11781644
1632204060,4670222.349,4672600,4672600,4669400,0.00966025
1632204120,4671636.355,4677500,4677500,4671636.355,0.28485872
1632204180,4677500,4670760.163,4677500,4669500,1.67178333
1632204240,4669300,4683900,4683900,4669300,0.08296862
1632204300,4681100,4684000,4684000,4681100,0.50977197
1632204360,4675200,4675200,4675200,4675200,0.00187171
1632204420,4673200,4674200,4674200,4673200,0.051846
1632204480,4675000,4673600,4675000,4673600,0.14804269
1632204540,4677000,4685326.854,4693600,4677000,0.99830316
1632204600,4684600,4676200,4684600,4674700,0.33734889
1632204660,4681200,4682533.175,4682533.17,4681200,0.05129919
1632204720,4682100,4681200,4682100,4681200,0.1044899
1632204780,4684915.721,4677000,4685800,4677000,0.05694998
1632204960,4672500,4672500,4672500,4672500,0.05046
1632205020,4672700,4672700,4672700,4672700,0.005
1632205080,4673900,4681550.995,4681551,4673900,0.06872
1632205140,4681600,4682400,4682400,4681600,0.0036
1632205260,4677100,4677100,4677100,4677100,0.01037227
1632205320,4677600,4677700,4677700,4677600,0.02371054
1632205380,4678000,4678100,4678100,4678000,0.08897
1632205440,4678100,4678100,4678100,4678100,0.23436997
1632205620,4681800,4684800,4684800,4681800,0.01354448
1632205680,4684800,4692200,4692200,4684800,0.2704625
1632205740,4690700,4694100,4695400,4690700,0.32489753
1632205800,4695200,4685000,4702000,4685000,0.54954997
1632205860,4691300,4691300,4691300,4691300,0.02617157
1632205920,4698600,4710800,4710800,4698600,0.83764985
1632205980,4708900,4713900,4713900,4708900,0.01247873
1632206040,4714023.964,4714400,4714400,4714023.964,0.0016
1632206160,4713900,4713600,4716800,4713600,0.04881868
1632206220,4716700,4717800,4717800,4716700,0.70048549
1632206280,4717530.444,4712400,4720700,4712400,0.83828695
1632206340,4708545.089,4712500,4712500,4708545.089,0.20774
1632206400,4710800,4708900,4710800,4706800,0.46412157
1632206460,4709000,4707900,4709066.64,4707900,0.28980587
1632206520,4709100,4706600,4709100,4705800,0.29150349
1632206580,4705500,4703600,4705600,4699300,0.26518996
1632206640,4702800,4704000,4704000,4702800,0.55157292
1632206700,4699200,4697300,4699200,4697200,0.47073288
1632206760,4697100,4693700,4697100,4693700,0.48596258
1632206820,4693700,4692500,4693700,4691000,0.02086629
1632206880,4690900,4692300.598,4692300.6,4690300,0.4702991
1632206940,4690400,4696600,4696600,4690400,0.41606257
1632207000,4696700,4698000,4698400,4696700,0.10083276
1632207060,4695256.385,4694700,4695365.95,4694700,0.48684124
1632207120,4693800,4685100,4693800,4685100,0.53490744
1632207180,4689300,4689300,4689300,4689300,0.16490273
1632207240,4692188.592,4696500,4697900,4692188.592,0.11599991
1632207300,4696500,4696000,4696500,4696000,0.21109655
1632207420,4692700,4692700,4692700,4692700,0.23356528
1632207480,4693200,4698600,4698600,4693200,0.21388132
1632207540,4695900,4699000,4699000,4695900,0.02006676
1632207600,4699500,4707300,4707300,4699500,0.02502237
1632207660,4707400,4707393.42,4707700,4707393.42,0.08841202
1632207720,4706407.096,4706200,4706407.1,4706200,0.35722
1632207780,4703228.943,4699502.832,4703228.94,4699502.832,0.06199133
1632207840,4705100,4705100,4705100,4705100,0.115944
1632207960,4706900,4706900,4706900,4706900,0.005
1632208020,4706845.462,4704500,4706845.46,4704500,0.9480342
1632208320,4709200,4710000,4710000,4709200,0.0008
1632208380,4708000,4708000,4708000,4708000,0.10127444
1632208440,4705400,4704400,4705400,4704400,0.0036
1632208500,4704100,4703400,4704100,4703400,0.0032
1632208560,4703300,4700900,4703300,4700900,0.0096
1632208620,4700800,4697600,4700800,4697600,0.06302
1632208680,4697600,4697600,4697600,4697600,0.00347922
1632208740,4697500,4696400,4697500,4696400,0.0048
1632208800,4700160.146,4699800,4700160.15,4699200,0.56438783
1632208860,4699800,4702300,4702300,4699700,0.56030411
1632208920,4702100,4700800,4702100,4698700,0.52247522
1632209100,4712200,4707600,4712200,4707600,0.01632356
1632209160,4705900,4705900,4705900,4705900,0.010008
1632209220,4707800,4712400,4712400,4707800,0.0552
1632209280,4712500,4713200,4713200,4712500,0.00409143
1632209400,4708130.667,4707400,4708130.67,4707400,0.99942492
1632209460,4707100,4707100,4707100,4707100,0.005
1632209520,4704900,4704900,4704900,4704900,0.05
1632209640,4708600,4708600,4708600,4708600,0.0004
1632209760,4701000,4701000,4701000,4701000,0.0398395
1632209940,4699700,4698600,4699700,4698600,0.01383158
1632210000,4698600,4697861.259,4702900,4697861.259,0.10810552
1632210060,4697089.282,4691700,4697089.28,4691700,0.06124694
1632210120,4704690.645,4720300,4720300,4704690.645,1.07145093
1632210180,4720263.644,4732985.249,4738700,4720263.644,1.39107543
1632210240,4731800,4730000,4735178.63,4730000,0.06953201
1632210300,4734700,4738100,4744400,4734700,1.22725303
1632210360,4730900,4731400,4731400,4729600,0.5161347
1632210420,4729500,4723700,4729500,4723700,0.09749186
1632210480,4724800,4724200,4724800,4724200,0.25721535
1632210540,4723900,4727300,4734500,4723900,1.18685951
1632210600,4733000,4733200,4733200,4733000,0.05000668
1632210720,4734193.095,4735600,4735600,4734193.095,0.00496911
1632210780,4736446.31,4735728.426,4745000,4735728.426,1.40687333
1632210840,4732609.277,4734400,4734400,4732609.277,0.05504974
1632210900,4739018.421,4739018.421,4739018.42,4739018.421,0.21887683
1632210960,4744304.569,4750800,4750972.07,4744304.569,0.15119257
1632211020,4751000,4745300,4751500,4744700,0.431946
1632211080,4747000,4748700,4749200,4747000,0.11693497
1632211140,4751400,4743500,4751400,4743500,0.41450546
1632211200,4743800,4743800,4743800,4743800,0.1773
1632211260,4743800,4742200,4743800,4740694.741,0.51687523
1632211320,4740500,4737400,4740500,4733900,0.92201243
1632211380,4735000,4742800,4745000,4735000,0.53602073
1632211440,4743800,4743100,4744800,4741100,0.63273882
1632211500,4739600,4734800,4739600,4734800,0.84342323
1632211560,4737500,4737500,4737500,4737500,0.01794639
1632211620,4736300,4733900,4736300,4733900,0.23566829
1632211680,4738300,4734800,4738300,4734800,0.56241966
1632211860,4733896.317,4732100.903,4733896.32,4730800,1.06884591
1632211920,4730700,4731600,4734700,4730700,1.11859767
1632211980,4734000,4734000,4734000,4734000,0.01098657
1632212040,4732500,4732500,4732500,4732500,0.23311556
1632212100,4730600,4727300,4730600,4727300,0.22930425
1632212160,4727200,4728300,4728300,4725000,0.25437686
1632212220,4726200,4727100,4727100,4726200,0.10255848
1632212280,4727200,4727000,4727200,4727000,0.23773072
1632212340,4724900,4723100,4724900,4723100,0.23974246
1632212400,4723000,4723000,4723000,4723000,0.0004
1632212460,4723000,4724500,4724500,4722700,0.00227534
1632212520,4724356.678,4724356.678,4724356.68,4724356.678,0.46465013
1632212580,4724400,4724027.669,4724400,4724027.669,1.90831326
1632212640,4724027.669,4724027.669,4724027.67,4724027.669,0.33226424
1632212700,4724200,4728500,4729600,4724200,0.04696891
1632212760,4725100,4725100,4725100,4725100,0.03945
1632212820,4729700,4734300,4734300,4729700,0.0143593
1632212880,4734400,4741100,4744700,4734400,0.14424562
1632212940,4743400,4743800,4743800,4743400,0.001
1632213000,4741100,4730500,4741100,4730500,0.47797903
1632213060,4731300,4729900,4731300,4729000,0.08102909
1632213120,4732200,4730300,4732200,4728200,0.15132